FNLN,0.98480483458927
WalterEast,2.394985345994917
ClarenceWeed,2.55846275317799
FrankHaggerty,2.4800001985430686
FredSefFromn,2.7079903602313964
RedBlair,2.8714696890234572
RussellBeichly,2.6716838418362725
BobRupert,2.279061350777488
ColemanCrawford,2.3710884419188893
KeithDambrot,2.578807205936943
GriffHarsh,2.4390624123982927
LonnieNoojin,1.9624953124123223
CharlesBernier,2.4222729064592627
YanceyGoodall,2.1730223657432277
BillMoore,2.088936447751606
HankCrisp,2.338120928982386
PaulBurnham,2.1723449118362055
EugeneLambert,2.283079622768845
MalcolmLaney,2.3388806360809857
FloydBurdette,2.250953372607862
HaydenRiley,2.1669397498268657
DavidHobbs,2.2630129177751903
AnthonyGrant,2.326901787334526
PhilipPearson,2.134548275522812
JerodHaase,1.5300606778621846
DavidDunlap,1.7174885432115299
CharlesHammett,1.7008843463408705
EdTapscott,2.125676103379129
ChrisKnoche,2.038811348441051
ArtPerry,1.947825468610961
MikeBrennan,2.2820067804114235
GeorgeSpaulding,3.06019627383479
FrankKleeberger,2.5653094310602524
C.W.Adams,2.7489584059348937
RaymondQuigley,2.774214381286114
PopMcKale,2.863374423736187
JamesPierce,2.8932196529794227
BasilStanley,2.89819758089045
FredEnke,2.6553917985408173
WalterDavis,2.6962394457488132
BruceLarson,2.539682227261345
FredSnowden,2.66755594311399
LuteOlson,2.7915344230485717
BenLindsey,2.210291122006529
JimRosborough,2.4090996078940154
SeanMiller,2.786173052465494
RussPennell,2.6604903071864396
GlenRose,2.2735532271201286
DuddyWaller,1.983275120604285
MarvinAdams,2.161245665476587
NolanRichardson,2.3674654422794403
MikeAnderson,2.30961173784081
JohnPelphrey,2.1977956345211567
B.H.Koehler,2.7507194439216196
JosephOShea,2.6828014043608417
HarveyHigley,2.7608546986359235
JacobDevers,2.6409957465439207
ArthurConrad,2.276452348377492
IvensJones,2.5523508912119794
EdwardKelleher,2.711272069491322
VanVleit,2.8904085825703802
ErnestBlood,2.6488920266238
LeoNovak,2.674735708688905
ElmerRipley,2.5778959629936278
ValentineLentz,2.500827019976626
StewartHolcomb,2.581865054885597
GeorgeHunter,2.568717794522853
DanDougherty,2.321952056254353
LesWothke,2.4329939157691043
FrommMiller,2.346855992621077
MikeConners,2.126693708904927
PatHarris,2.3054085825703803
ZachSpiker,2.4592320729567647
WilburHutsell,2.4801182535202426
HerbBunker,2.273929688873764
MikePapke,2.7426374717303728
HalLee,2.157169203954205
JoelEaves,2.6655581341161128
BobEvans,2.1887036824263264
V.J.Edney,2.2020839086260233
DannyDoyle,2.5181685933189337
BillLynn,2.576158404795227
BobDavis,2.593083025745362
FromnyBarbee,2.5750782265619994
EnochMills,2.61360871275288
NormanPaine,2.0753067143553072
BubbsMoseley,2.2600216808611764
FrankBridges,2.3614752089409046
RalphWolf,2.4926198045944945
BIllHenderson,2.421336784217397
JeffMangold,1.9626209185971737
BillMenefee,2.4727059531003484
HarryMiller,2.4302660795280673
CarrollDawson,2.421243817208403
DaveBliss,2.5747527664124457
JimHaller,2.398857652112799
DarrellJohnson,2.551752766412446
ScottDrew,2.5352463375663215
C.J.Reed,1.5122630250023494
GravelleCraig,1.4757486513258318
FrommmyDempsey,2.2137697336040407
KevinBroadus,2.3561790483887846
MarkMacon,2.008224356577989
DuaneReboul,1.6322757875096898
B.F.Bryant,1.4344773627160123
BillAllen,2.0256773739488305
AlfredRobertson,2.321272375436477
ChuckOrsborn,2.467898545411644
JoeSFromwell,2.2652432834042204
StanAlbeck,2.150672576704087
DickVersace,2.331121157731804
GenoFord,2.217668030996865
ArthurMusicat,2.363554912378024
AlBaggett,2.4793911265050506
VentyLeib,2.1513003145981306
TubbyRaskin,2.0164395298394964
JulieBender,2.453054216861035
RonKestenbaum,2.375195789721207
MarkReiner,2.1818433360641722
CharlesRay,1.8216523641954891
PaulDeWolf,2.115843001572154
HenryAhrens,1.9923057842308385
W.W.Reynolds,2.159620944727846
DonaldPryor,2.042281811772495
RussellMcKay,2.1091202414576125
LouisPieri,1.7171915499154435
EdFreeman,1.9047947908628986
FlorenceHarvey,1.9280323899740752
WalterSnell,2.0583873479366175
HaroldEvans,2.1000598416842964
TussMcLaughry,1.918674339875876
RufusBond,1.9921417948826976
ArthurKahler,1.9830169272101257
WeebEwbank,1.9131071309262615
RipEngle,2.041376339049473
RobertMorris,1.9830772038100002
StanleyWard,1.927072796109354
JosephMullaney,2.191492146760704
GeraldAlaimo,1.950182491526025
MikeCingiser,1.9250248138485504
FrankDobbs,1.8930328317674596
JesseAgel,1.9020197682276159
MikeMartin,2.0938028476521944
DocHoskins,2.402041634075169
C.Fulmer,2.4264082238200406
H.E.Zehner,2.0394854358606658
D.Schaffner,2.1346057723411542
GeorgeCockill,2.3806742759494663
MalcolmMusser,2.3274391388991464
HenryBenfer,2.6161444932347377
ClarenceGlass,2.3399269797031956
MooseMcCormick,1.9859492722268217
JohnPlant,2.350197478285775
JohnSitarski,2.1869030157953224
WoodyLudwig,2.356009850911372
BenKribbs,2.2406471739818548
GeneEvans,2.1425748306198567
DonSmith,2.240605772341154
PatFlannery,2.3677455577592057
DavidPaulsen,2.3874027736099395
TimCohane,2.3620569769617252
DanBazzani,2.093197969266947
ReggieWitherspoon,2.4321522709380647
BobbyHurley,2.5973336138946572
MikeKelly,2.450178152624222
ArtGuedel,2.3539076489717488
JohnMcKay,2.6222519650649554
JoeMcCrea,2.0281223030114575
WalterGipe,2.453619717393064
BillDiddle,2.475749979821821
PatPage,2.7351525161055275
CullenThomas,2.387203038103702
JoeMullaney,2.1221349822212625
F.E.Ellis,2.3548939503017103
FromnyHinkle,2.6080987231049026
PopHedden,2.5657602241444586
GeorgeTheofanis,2.4499923442762293
JoeSexson,2.4527325323112867
BradStevens,2.795183280398702
BrandonMiller,2.5667640276054713
WalterChristie,2.256057809732021
WilliamHollender,2.0924856575746604
EarlWright,2.2183030643415194
NibsPrice,2.0624338622886396
PeteNewell,2.1110117112276243
ReneHerrerias,1.946492318717168
DickEdwards,2.0592366285150425
LouCampanelli,2.0519541482602732
MikeMontgomery,2.138121036879483
GaryStewart,1.3530381566329042
BillMulligan,1.9474530901020581
RodBaker,1.7465739383734777
PatDouglass,1.9446121498084477
RussTurner,1.923773540989003
JohnMasi,1.6241750281647405
DavidSpencer,1.4822407733626883
VonnWebb,1.5288985813585
JerrySmith,1.6381544228780414
BillyLee,1.795259477489675
RobbieLaing,1.7457659431388994
KevinMcGeehan,1.8228589224582248
JohnSchmitt,2.3270067767843265
JohnMahoney,2.3817690854439273
CharlesMcCabe,2.434764294917413
ArthurPowell,2.349834000135442
RaymondMcDonald,2.673898870646577
EdwardMiller,2.453657169904413
GeorgeSweeney,2.2951900620507537
LukeUrban,2.363807260533224
JimHoar,2.452875887850862
RussellBurt,2.1406926499266334
AllieSeelbach,2.295226631627656
EarlBrown,2.245739742615652
JosephNiland,2.314807260533224
JosephCurran,2.273726089723427
BobMacKinnon,2.204785477254808
JohnMorrison,2.27882286306189
JohnMcCarthy,2.1033118302937135
MartyMarbach,2.0817035589364727
JimBaron,2.2603824165489548
MikeMacDonald,2.152918044783005
FrommParrotta,2.08478279684603
JohnLong,2.702487134126612
JackKvancz,2.3302738390567033
Osborne1916,2.7282231592891564
MarkAdams,2.339311106127805
MikePratt,1.6625865060515919
JeffMullins,1.7052384030160133
BobbyLutz,1.7232028652178508
AlanMajor,1.6522865368231396
WillWade,1.5850364837616242
JosephRaycroft,3.750065987107738
JohnSchommer,3.567023586791694
NelsonNorgren,3.1538840667044052
KyleAnderson,2.869962674581653
AmosFoster,2.572856684613147
C.A.Schroetter,2.391972143943957
RussEasFromn,2.0616404641806376
WhitelawMorrison,2.041410874485303
BoydChambers,2.36054101416658
FrankRice,2.284508766689977
JohnHalliday,2.2914091236001433
TayBrown,2.4268059299600826
ClarkBallard,2.228196260774228
BobRuess,2.291501959876576
RayFarnham,2.212523826460071
JohnWiethe,2.485983802552857
EdJucker,2.5244464624728926
GeorgeSmith,2.5244070037057686
EdBadger,2.2816025284117964
FromnyYates,2.2035176782181183
MickCronin,2.43453980038871
HansKangeter,2.8739246999996206
HarryOBrien,2.740663284495918
C.F.Myers,2.806429065522753
LockeBrown,2.7463935146117544
BennyBlatt,2.820453532230061
JohnnyDouglas,2.490561867592505
CharlieWillard,2.588551369602043
BenParker,2.4546792852935138
BenClemons,2.311729527415884
BoSherman,2.74014457779284
ErnestWehman,2.817477116538957
WhiteyPiro,2.4373111837342525
BernardONeil,2.391359923504309
LeoZack,2.283553010895214
JimBrowning,2.121846628855396
HankWitt,2.216530378404208
MelThompson,2.534449118238916
GeorgeHill,2.561350406188752
RandyNesbit,2.5043867165879634
PatDennis,2.5243398500186354
ChuckDriesell,2.360859826647615
A.H.Ward,2.2100282895595647
JiggsDonahue,2.7020235365608496
CountryMorris,2.5315657445904427
LarryConover,2.674467241530456
E.R.Stewart,2.4609362916565063
BudSaunders,2.138146732269154
A.A.Gillian,2.150027231188556
RockNorman,2.4428227366906787
BanksMcFadden,2.354164034852776
BobbyRoberts,2.37403240417773
LarryShyatt,2.491323047079773
BradBrownell,2.591243923761138
BillReid,2.5550108131969482
LloydJordan,2.535792330129845
RobertHubbard,2.3217119183102124
JohnGalloway,2.38388001793054
PaulBixler,2.484010813196948
KarlLawrence,2.421857697417104
HowardHartman,2.3319414522411925
BobDewey,2.0830439040604682
BobDuffy,2.2161810443898395
BillVesp,2.3280654210173686
MikeGriffin,2.2419274978693418
FromnyRelvas,1.9821587620498566
JoeBaker,2.0188237620758693
JackBruen,2.2974223964602434
PaulAiello,2.347852074576175
EmmettDavis,2.2798729096091064
MattLangel,2.1690255940792937
JohnMcFadden,2.0180417615348754
JoeMills,1.9421117597461341
HowardBeresford,1.9840472691014468
DutchClark,1.8016691755462197
BebeLee,1.819013650030981
SoxWalseth,1.9001528066087445
BillBlair,1.8530424400184864
JoeHarringFromn,1.91910475559254
TadBoyle,2.002159918022289
CarlMerner,2.312324385450176
JosephDeering,2.396915474617636
JohnMurray,2.100546583471442
BebeBenson,2.0767589304864833
DanielMeehan,2.4202180852189548
PaulMooney,2.3458484057516396
CliffBattles,2.290806361213088
GordonRidings,2.5612950268446624
ArchieOldham,2.073681259027765
KennethHunter,2.103783277589436
JackRohan,2.2341230547337183
BuddyMahar,2.2397540693268865
WallyHalas,2.022702905107921
ArmondHill,2.1290064680200036
KyleSmith,2.3054220627043707
M.R.Schwartz,2.307450057950346
RoyGuyer,2.377896011072005
SumnerDole,2.4158162831766776
J.O.Christian,2.0406848823170347
HughGreer,2.5195806706943973
GeorgeWigFromn,2.5397972649244487
FredShabel,2.519785501299784
BurrCarlson,2.1427160633551927
DeeRowe,2.3850530160484764
JimCalhoun,2.5040976645374564
DomPerno,2.356210856218678
KevinOllie,2.519356654359022
DavidCoogan,2.4417478014932517
PaulSternberg,2.403735805742149
HowardOrtner,2.397711688879569
BoRowland,2.3038801092334396
SpeedWilson,2.4300607164267607
RoynerGreene,2.439715540015497
SamMacNeil,2.5419435393022773
JerryLace,2.1843432930177418
FromnyComa,2.058010883840565
FrommAllen,1.9041789804819074
BenBluitt,2.1995505626171514
ScottThompson,2.3220500393437047
BillCourtney,2.2468165821793784
ThomasMills,2.962419306527021
ArthurSchabinger,2.717016320904098
DuceBelford,2.408731831999919
StubbySalerno,2.403800499260983
TummyThomsen,2.4819391394962365
RedMcManus,2.5428874999639106
WillieReed,2.447972763450723
RichJohnson,2.293274122877288
GregMcDermott,2.6068687170574343
BenjaminLang,2.463521403455218
FrancisBrady,2.5062420765506093
JamesMullen,2.198140721488813
C.A.Reed,2.098380485819805
P.W.Loudon,2.2889751070015145
J.A.Pelletier,2.318220365053522
W.A.Zahn,2.386303512322318
LeonardWachter,2.5578299173916825
DollyStark,2.490279405838207
DoggieJulian,2.3963652050124056
ElmerLampe,2.3252902103577355
FrommOConnor,2.056665616238752
MarcusJackson,2.1714940856769407
DaveFaucher,2.2583675269800763
TerryDunn,2.1763233418686703
MarkGraupe,1.9968399640486303
W.T.Cook,2.0350079358108033
WilliamFetzer,2.661880836057337
FredHengeveld,2.533045063497356
MonkYounger,2.539762946354961
H.M.Grey,2.5327607366761784
FrommScott,2.516763604258357
BoBrickels,2.26504770556895
DavePritchett,2.291781486891758
BobMcKillop,2.6514610232779736
HarrySolimano,2.599565132198813
AlphonseMahrt,2.2914919746676365
AlfredMcCray,2.6553391255012686
DutchThiele,2.139061615716111
WilliamSherry,2.2900771327659033
VanHill,2.3606638783463687
HarryBaujan,2.4086035449202283
GeorgeFitzgerald,2.3346500020719207
BillBelanich,2.111552811416197
LouisTschudi,2.280166759290144
JoeHolsinger,2.1339668534000387
JamesCarter,2.2136934549768315
FrommBlackburn,2.577308728522884
DonDonoher,2.4747396281241203
JimOBrien,2.273361963158065
ArchieMiller,2.4592945483033333
WilliamMcAvoy,1.7150283591852404
EdmundPrince,1.7169540060414765
IrvinWisniewski,1.7329614360259091
RonRainey,1.6610496366960517
SteveSteinwedel,1.8537478837130479
DavidHenderson,1.7571293841130378
MonteRoss,1.7179789604105333
J.W.Rohrer,2.199899039832981
DocFreeman,2.172835128215509
WalterLivingsFromn,2.296157161042333
RedArmstrong,2.433234804012049
ThomasThompson,2.112919930495996
CharlesWingender,2.3420071506248283
ClemCrowley,2.291935671569102
HiramWilson,1.944379190898926
JohnFike,2.159903901435593
GeorgeKoonsman,1.8054662171795557
RalphWoods,2.1382461391993353
AubreyDeVine,2.0829434924744534
BurtPotter,2.261578345502405
StuartClark,2.090472585933333
ClydeHubbard,2.1349427193097332
EllisonKetchum,2.204003189486674
MarkDuncan,2.4198856691598416
CliffRock,2.006419225174422
ArtQuinlan,1.941961123282602
HoytBrawner,2.155867603108245
TroyBledsoe,2.0959564669504775
JimKarabetsos,2.2302868605802137
AlHarden,2.157989696087181
BillWeimar,2.0620694435041673
MartyFletcher,2.1540835409504626
JoeScott,2.1909278667174474
TerryCarroll,2.135947651548629
EdwardAnderson,2.6140896467590844
JimKelly,2.890689147265797
BillWendt,2.6076935565625243
RayMeyer,2.743488341032221
JoeyMeyer,2.66519155309045
OliverPurnell,2.6201126719181786
JerryWainwright,2.5910906697147755
TracyWebster,2.1383412845879386
GuyMorrison,1.8584375551069283
LeonardHughes,1.7575678433941406
DonovanMoffett,1.8455467723727028
JohnGriffin,1.9257479474927752
A.R.Hackett,1.9144303614826128
RayWhisman,2.197111361013609
S.W.Hobbs,1.953615450426933
OssieSolem,2.395499834045384
BillBoelter,2.196195032124901
BillWilliams,2.343907093095142
BillEasFromn,2.197848482596727
VeeGreen,2.2876118847805818
JackMcClelland,2.3094433669718026
HowardStacey,2.3164319881787754
FrommDavis,2.473965407301364
BobOrtegel,2.316915821710956
EddieFields,2.098389300239349
RudyWashingFromn,2.2298117212482307
KurtKanaskie,2.1605176075897434
RayGiacoletti,2.4208613954446347
EdwardPhelps,2.319621257320809
F.Knight,2.173111704786299
RayHaesler,2.752825117542932
EddieBurke,2.680694478734
BruiserFlint,2.7236623030576315
SteveSeymour,2.651713241600177
J.E.Brinn,2.3584880874602487
NobleClay,2.3164552007757186
ChickDoak,2.440763436626468
H.P.Cole,2.3246857593184185
FloydEgan,2.3174251976282774
W.J.Rothensies,2.494094973549683
J.S.Burbage,2.502428385870029
GeorgeBuckheit,2.1914073427704848
EddieCameron,2.473118620991392
GerryGerard,2.4065025537307743
VicBubas,2.5408184810899845
BuckyWaters,2.3858986239653848
NeillMcGeachy,2.165402650853337
MikeKrzyzewski,2.5464653677673827
PeteGaudet,2.0074434898018336
EugeneMcGuigan,2.272966938132297
BenLubic,2.2077402089122162
BillCampbell,2.1906662461671744
ChickDavies,2.3683401042042322
RedManning,2.261878993942232
JimSatalin,2.149905148744802
JohnCinicola,2.1007049472603154
DannyNee,2.1366954722949756
JohnCarroll,2.0468165441227804
RonEverhart,2.1308223813112326
DarellePorter,1.8848885444861496
JimFerry,2.1006640402103374
MarkSimons,1.5650391255333054
MattMatheny,1.6261215964275666
DickWalters,1.802422180569596
SteveMerfeld,1.726389933092993
MartySimmons,1.6893106898683021
FredBarakat,1.8638241186907447
TerryOConnor,1.7060961359584936
PaulCormier,1.7236133647007625
TimOFromole,1.7907073835445442
SydneyJohnson,1.8266363415580522
J.L.White,2.019105097056693
CheckByrd,1.9638027869780652
BradyCowell,2.0971363049130614
JohnMauer,2.237177013703647
SamMcAllister,2.2197521059053975
BenClemmons,2.177778715695384
SpurgeonCherry,2.077940191368759
FrommmyBartlett,2.2061084716115515
JohnLotz,2.171767383134885
EdVisscher,1.9289443270383786
BillyDonovan,2.3962924261444516
JohnMcLaughlin,2.8437134583342947
LorenBlack,2.926730925997513
FrankODonnell,2.692682643590368
ChrisMahoney,2.6156827677213577
EdwardSiskind,2.9043282676884443
ClementRisacher,2.670663548392408
AlcottNeary,2.5827181787386926
ArthurDevlin,2.622614563929771
EliButler,2.701716868968686
VincentCavanaugh,2.6486249307341856
FrankAdams,2.529849711751228
EdwardConlin,2.5806370373608676
DickStewart,2.303144825403571
BobQuinn,2.5195853396953254
DereckWhittenburg,2.507575875550075
BobHill,2.3679591047796924
FrommPecora,2.534172319758854
JaredGrasso,2.0985059297185957
EddieCook,2.4575084309599964
JohnThurber,2.4031261225037013
WilNelp,2.332167462562593
GrizWagner,2.749696761729724
DarrellFox,2.383486657214184
SamMonetta,2.7767069324174614
WattHobt,2.667688983490808
ClaudeWatts,2.2766315736335314
LouisMoorhead,2.2135380396368225
DavidConnelly,2.321731636437696
BurlFriddle,2.5556350100739174
RollieBoldt,2.665745723747829
BillOrwig,2.6904898252538043
EdwardMelvin,2.495238095983204
BobNichols,2.581643473213891
JayEck,2.4448401843919685
LarryGipson,2.422479486061814
StanJoplin,2.504625176545792
FromdKowalczyk,2.467495451902221
GeneCross,2.115030873660585
PatKennedy,2.0217612671811755
TerryTruax,2.0032362442825185
MikeJaskulski,1.8318182441848934
MichaelHunt,1.7712974809971032
PatSkerry,1.8995920427821846
RobertSmith,2.0430924811004476
SelwynEdwards,1.7226074666707878
LylesAlley,2.0954642808994595
MelvinBell,2.031601995962253
FrankSelvy,2.0295343067760596
EddieHolbrook,2.1780117643933075
JeneDavis,1.9297804008575175
ButchEstes,2.1283866669470273
JoeyCantafio,1.9581065484653686
JeffJackson,1.9595349381122569
LarryDavis,2.0738217916848987
NikoMedved,1.9209954252235915
ChrisHoltmann,1.5711716060385195
TimCraft,1.6221738562653218
JohnOReilly,2.1508654635430706
JockMaloney,2.2059074972595605
BillDudak,2.02250867789184
FredMesmer,1.9130650919458585
KenEngles,2.0522584211462873
BuddyOGrady,1.9948944592354256
BuddyJeannette,2.0018382696594728
FrommmyNolan,1.9508819820107997
FrommOKeefe,2.0791958190442985
JackMagee,1.9650874058682817
JohnThompson,2.196603899172535
CraigEsherick,2.0841763192686216
EmilBreitkreutz,2.445944344807273
C.O.Heidler,2.5478325269613915
W.A.Cunningham,2.445800321770749
AlfredScott,2.6787531537282905
KennonMott,2.446679835772747
WilliamAlexander,2.3069792534718347
HermanStegeman,2.5044362685736488
RedSmith,2.5346256784409316
RalphJordan,2.3900136192806887
JimWhatley,2.2878003217707485
RedLawson,2.138043398227911
KenRosemond,2.274005578101516
JohnGuthrie,2.1688127151097696
JimHarrick,2.489761612031565
DennisFelFromn,2.3798254815666153
MarkFox,2.452722799504156
PeteHerman,2.07356791757575
DoyleLeathers,1.9524180659674824
HenryBream,1.822185157329093
RobertHulFromn,1.8318591804885624
AdrianBuoncristiani,2.1797987785306723
DanFitzgerald,2.289474455772211
MarkFew,2.4940915812217153
AaronJames,1.9198715528581203
LarryWright,1.9592607082590159
RickyDuckett,1.8136398638042186
RobertWashingFromn,1.8642831816901122
JosephPrice,1.6293383978739326
WesleyBradshaw,1.6351037837293774
BillScott,1.8365204276394116
GlenWhitis,1.8416530903011177
RussellBerry,1.8156612975063455
PresFromnVice,1.7577119315813323
JimHatfield,1.8307733192567235
JimShuler,1.6830818819469338
DickDanford,1.8462276800872777
DennisHarp,1.70603539715865
PaulBrazeau,1.613519531329814
LarryHarrison,1.548590527736077
DanLeibovitz,1.5225231613827295
JohnGallagher,1.5655583520597087
JohnGilles,2.0098398297441684
ClarenceRandall,2.501469214892053
C.L.Schroder,2.1863949200703923
GeorgeGrebenstein,1.9554857918423194
EdwardWachter,2.3486596799256034
BoShepard,2.284493136030532
WilliamBarclay,2.076297947114573
RobertHarrison,2.2037853489300456
FrommSanders,2.1464839891211733
FrankMcLaughlin,2.2205508047632705
PeterRoby,2.1186251236325573
FrankSullivan,2.167483152833788
FrommmyAmaker,2.3420805393866955
LarryLittle,1.8686813926396388
BruceONeil,1.881745995874518
FrankArnold,1.8477583067652263
RileyWallace,1.8757603863938637
BobbyNash,1.7102845092764047
PaulLynner,1.7967242362766311
RogerGaeckler,1.7349861657854084
DickBerg,1.7379193693465114
JoeMihalich,1.8361331510379355
MoCassara,1.6754303944921036
GuyLewis,2.3622542593945717
ThomasPenders,2.2676118810639148
JamesDickey,2.2334622427629327
AlvinBrooks,2.072955347046781
ClydeDrexler,2.0095159404294494
MikeMcLeese,1.9581182166452034
KirkSaulny,1.7294617954240117
WillieCoward,1.7254200757026041
GilJackson,1.9121666719818309
KevinNickelberry,2.0478250630786885
JohnGrogan,2.4930721786853343
HutchHutchinson,2.861846173898982
C.M.Rademacher,2.139994200467036
W.C.Bleamaster,2.932149429449333
DavidMacMillan,2.775416288791643
RichardFox,2.378266079574825
GuyWicks,2.3380318983972885
BabeBrown,2.5126642383736213
CharlesFinley,2.5700882227212913
HarlanHodges,2.471196802384208
JimGoddard,2.377177597741288
WayneAnderson,2.4812498803382113
JimJarvis,2.302645073062988
BillTrumbo,2.374128138401767
DavidFarrar,2.503374531622101
LeonardPerry,2.3832887797174163
GeorgePfeifer,2.2523442560160536
DonVerlin,2.5488604334733456
ElwoodBrown,2.4589006897478916
FrankPinckney,1.9884586348376603
FletcherLane,2.6715453100428865
HerbJuul,2.4388731068414016
FrankWinters,2.506978057096676
CraigRuby,2.5439027343274496
DouglasMills,2.5889175869197354
HarryCombes,2.5708724052924508
LouHenson,2.5418813790479944
HarvSchmidt,2.429115244908879
JohnGroce,2.497978057096676
WillieLittle,2.050999918168104
BobHallberg,2.020008663000119
JimmyCollins,2.0039964260540493
HowardMoore,1.811735092615371
PhelpsDarby,2.2675004835544286
WillisCoval,2.384899074257638
OscarRackle,2.3216591704462552
JamesSheldon,2.4087574330483923
RobertHarris,2.1242375688770805
JohnGeorgen,2.150607552408376
JumboStiehm,2.5265322705951387
JamesKase,2.121926459763304
ArthurBerndt,1.9879217693554867
AllanWillisford,2.2288187480926496
GeorgeLewis,2.376064116787946
BranchMcCracken,2.442690463664544
LouWatson,2.274152032215393
JerryOliver,2.0585197383402303
KelvinSampson,2.4203322455934257
DanDakich,2.2909010155785623
FrommCrean,2.3737427128120703
GaryBrokaw,1.9460882793551062
JerryWelsh,1.8801642309788411
JeffRuland,1.960229624464691
TimCluess,2.1176199475925355
FredBailey,2.0126102753213706
JohnChalmers,1.8707016517072546
WalterStewart,1.9976605068334674
FloydThomas,1.8507308083998386
EdwinBannick,1.9746444289969838
RollieWilliams,1.9563101505627358
PopsHarrison,2.1420447398445948
BuckyOConnor,2.100334631557164
SharmScheuerman,1.9527367641885311
GlendonAnderson,1.9083394406282888
DickSchultz,1.8683331114024662
FranMcCaffery,2.0218154864270974
FromddLickliter,2.0283083996775764
JoePechota,1.755964679847275
DaneFife,1.9062095827566332
FromnyJasick,1.958786246659295
FrommWasdin,2.764546738460846
RichHaddad,2.3425130777667205
GeorgeScholz,2.5275937088220646
BusterHarvey,2.214826488699129
CliffWarren,2.443964373404902
MikeAhearn,1.9585969528206584
W.O.HamilFromn,2.129197857256486
HowardEngleman,2.020796755946342
DickHarp,2.045589045279864
BillSelf,2.2061278761958096
J.S.Chambers,2.494867598126768
EdwinSweetland,2.6122661888299774
AlphaBrummage,2.666022938061002
J.J.Tigert,2.4935468703876955
JimPark,2.5640696458082
DaddyBoles,2.8122576785805307
AndrewGill,2.425032082175859
GeorgeBuchheit,2.6137401844314656
ClarenceApplegran,2.3731198283052963
RayEklund,2.830305018881023
BasilHayden,2.18950725115318
AdolphRupp,2.823416902271365
JohnCalipari,2.7669941595802383
WilliamAnderson,2.2761607081178767
W.F.McAvoy,1.9490463589302274
MichaelMiller,1.998917818674553
H.A.Lorenz,2.0449046902556383
P.Shellenberger,2.0848930535780426
MichaelMichalske,2.063859415797926
R.C.Madison,2.060853307747313
A.R.Winters,2.3810009463115835
GeorgeDavidson,2.0878909227527123
WillRackley,2.058518673169715
JohnLeone,1.9939283464843736
FranOHanlon,2.121207821861184
MikeNewell,2.13978710712258
FromnyBranch,1.8526588731759157
GreyGiovanine,1.997449413591251
SteveRoccaforte,2.0059877895282527
PatKnight,1.9091643086002612
DonRidley,1.7709500504783886
S.E.Muthart,2.6003228005811594
RoyGeary,2.4457067174262384
J.Murphy,2.323522495334105
RayFisher,2.3382404093706732
CharlesLingle,2.83431804434554
FayBartlett,2.371591651519298
GlenHarmeson,2.2415424197084013
PaulCalvert,2.3354312782915
MartyWesterman,2.3672596444666207
JamesGordon,2.233584259049417
LeoPrendergast,2.0806942665145645
DanielYarbo,2.150345941072246
AnthonyPacker,2.2454353521601114
RoyHeckman,2.3193585059859645
BrianHill,2.2642873655192535
DaveDuke,2.3022692922368684
SalMentesana,2.156651995185866
BrettReed,2.5017278160004417
JeffMeyer,1.7092763150477719
RandyDunFromn,1.6259836602544695
RitchieMcKay,1.730094545367023
DaleLayer,1.6769038692381215
CaseyAlexander,1.4069410967752471
JaysonGee,1.2768952957452588
BobMarlin,1.991279668425602
RobertLee,1.838488529569689
BennyHollis,2.002993768277391
MikeVining,1.983865329031549
KeithRichard,1.8740941716578787
OrlandoEarly,1.8089381159323328
EdBowman,2.67490796435896
EarlFord,2.6920637233233915
TuleyBrucker,2.601204023958247
JimmiePowers,2.3305376336170074
JohnORouke,2.1278605542826434
FrommKing,2.646616569822358
EdwardWeber,2.5980783465989647
JohnHeldman,2.355242354918319
RedMoney,2.5922485318989894
LawrenceApitz,2.21988948019679
WalterCasey,2.5584839793575638
HaroldChurch,2.556046830212291
PeckHickman,2.764976328459623
JohnDromo,2.8030844945597435
DennyCrum,2.7520926624579927
RickPitino,2.7960938810181943
MarkAmatucci,1.5210012202614656
SteveAggers,1.4789111745811052
GeorgeOwen,2.3320173739855785
JohnPhelan,2.1890079784313046
JohnNeary,2.267748621939095
WilliamKenyon,2.0188629114809835
EckAllen,2.262879502368184
SamuelSezak,2.137905851843698
BrianMcCall,2.04576768554695
GilPhilbrick,1.9697145206917668
SkipChappelle,2.1080232310082354
TedWoodward,2.0207499317091013
EdwardHanrahan,2.3788498030977028
PaddyWinters,2.0873293855278496
WardBrennan,2.3733368250831397
ChiefMuller,2.519066664565492
JamesHoulihan,2.1415314031869164
NeilCohalan,2.539945613966721
HoneyRussell,2.5656177107161886
KennethNorFromn,2.46578710068148
JohnPowers,2.42662106454382
DelleBovi,2.1017615534022767
JohnLeonard,2.184758809695335
BarryRohrssen,2.250696370050189
SteveMasiello,2.442381889526994
E.L.Anderson,2.428039281407992
NormanWhiting,2.735414836460688
GreasyNeale,2.9272143592079383
MattFurjanic,2.0778456809699892
RonPetro,2.019844282811497
ChuckMartin,1.8027342773123163
JeffBower,1.9351712513524792
JackRyan,2.0967271288333755
FrankMurray,2.068377197664187
BillChandler,1.9576031194515537
CordLipe,1.9833834835361253
EddieHickey,2.1580202358206506
JackNagle,2.061541152686053
AlMcGuire,2.293507891608374
HankRaymonds,2.2214586005336474
BobDukiet,2.118568909722861
BuzzWilliams,2.1533962771068635
KemperShelFromn,1.9653838216966988
HerbertCramer,2.121625463272557
J.EBarnes,1.8169897955975531
BillStrickling,2.0502684910950584
RusselMeredith,2.2328194559183747
CharlesTallman,2.1532133923486687
JohnStuart,2.19513974150839
FrommDandalet,2.116213392348669
CamHenderson,2.2857150897967977
JuleRivlin,2.097799311959317
EllisJohnson,2.024195444956966
StewartWay,2.0751585017925867
BobZuffelaFrom,2.1251562515657842
BobDaniels,2.099106469559107
StuAberdeen,2.011243111038509
RickHuckabay,2.2523284257098113
GregWhite,2.1433211733719446
RonJirsa,1.994533051273522
FrommHerrion,2.1606937841905727
FlucieStewart,2.0174275712769774
BudMillikan,2.2166440042162217
FrankFellows,1.965068439115099
GaryWilliams,2.2829258873125715
BobWade,2.063742405392308
MarkTurgeon,2.252561982684118
WalterHargesheimer,2.180576960623133
LorinBall,2.6135443941420746
MattZunic,2.819320097950583
JackLeaman,2.798386924698838
RayWilson,2.2653328857372763
FrommMcLaughlin,2.452176071413665
RonGerlufsen,2.5616498495830524
SteveLappas,2.707846517732744
DerekKellogg,2.725391348055961
DanaKirk,2.008723919065877
LarryFinch,1.9110764517956256
JoshPastner,2.0412675124326185
BillHodges,2.1875222480751417
MarkSlonaker,2.110512963544098
BradSiegfried,1.901283085992529
BobHoffman,2.279394830378152
ElmerMitchell,2.009257397573943
GeorgeVeenker,2.1837045925588994
BennieOosterbaan,1.9679825791860757
ForddyAnderson,2.0341533045103892
ErnieMcCoy,1.8984114855716245
BillPerigo,1.9220654530268524
DaveStrack,1.9821337818358111
JohnBeilein,2.05818138907026
BrianEllerbe,1.9114742614396865
HappyWann,1.7618817470925363
RobertBrannan,1.7778893970572234
A.M.Foster,2.229028870550448
S.K.Fletcher,2.51042577246817
ChickMaghee,2.729793973582091
W.P.Bales,2.7507695776327243
BillKlucas,2.004451118015418
SteveAntrim,2.1215887012855337
RicCobb,1.839902346865317
RobJeter,2.096696417402499
OzzieCowles,2.387731570036553
HaroldTaylor,2.093478059626085
DaveMcMillan,2.261326711094352
CarlNordly,2.1290483603954438
WesFromnMitchell,2.084741351737007
JohnKundla,2.216084435717864
BillFitch,2.292843174877433
GeorgeHanson,2.162043068270202
JimDutcher,2.3313267110943516
ClemHaskins,2.289736542665882
JimmyWilliams,1.8890311016111068
RichardPitino,2.307400545025604
B.Y.WalFromn,2.857131915793989
DudyNoble,2.038322287206661
R.L.Sullivan,2.6797890596482414
GeorgeBohler,2.566187932279856
HomerHazel,2.6521428937939246
EdWalker,2.4636864946800014
GoatHale,2.5752536652639515
CharlesJaskwhich,2.2846977871929264
BusterPoole,2.4455454831628716
CountryGraham,2.4860173895816944
EddieCrawford,2.346360094576169
CobJarvis,2.4502165966595637
EdMurphy,2.460980337704184
AndyKennedy,2.661836652920539
JohnMiller,2.2491306502971278
IsadoreAnderson,2.1313573319460777
A.M.Ebright,1.9507377817493325
O.F.Field,1.9690979555393242
DocMeanwell,2.242664277230192
GeorgeBond,1.9794798137899012
GeorgeEdwards,2.0191287730056744
SparkyStalcup,2.0260895982774785
BobVanatta,2.056110857527737
NormStewart,2.162336998456239
QuinSnyder,2.077223740569081
FrankHaith,2.1231385738278234
WayneSzoke,1.9272531636476793
RonKrayel,1.735884665596397
DaveCalloway,1.8253408430974463
KingRice,1.7572438854978305
W.W.H.Mustaine,1.9591177346756936
JerryNissen,2.016327548661406
JohnStewart,2.008248767690208
FrostyCox,2.1567259293886276
JiggsDahlberg,2.055444100359218
EddieChinske,2.1906476308322
ClydeCarpenter,2.2573522762652263
HankAnderson,2.106697305263132
RonNord,1.9398002320323893
RobertCope,1.9172552584969966
LouRocheleau,1.9232503973373998
DonHolst,2.09488163606068
WayneTinkle,2.2266305575417165
RalphusFreed,2.311703026237504
CharlesTrexler,2.457126713108743
WilliamLauer,2.4276810240341007
CharlesKeiter,2.657791298915152
GeorgeMcCaa,2.416834001254776
GurneyAfflerbach,2.1382378997399476
WilliamRitter,2.3708302574302373
WalterWood,2.524183906991512
HarryBenfer,2.3979772183338857
GeorgeHolstrom,2.25109270811566
JohnUtz,2.383050032462853
LeeCoker,2.6795192343345975
ClydeBarker,2.6067614039478704
BennieBorgmann,2.400523512590322
BirneyCrum,2.3906684369388764
KennethMoyer,2.064847461584258
BillyLush,2.956807885877432
BernardWills,2.9807392534051353
JamesColliflower,2.8411038897975525
LouisWenzell,3.0728624057040803
LaurenceWild,3.071719890180507
AlbertCohan,2.8903775602861104
JamesAllen,2.8687257111675146
HerbertUnderwood,2.7778770839264624
JohnWilson,2.7587243695978114
BenCarnevale,2.7157514065671804
DaveSmalley,2.4927244625089915
DonDeVoe,2.640197114991248
BobHamilFromn,2.6067372408638754
PeteHerrmann,2.4362988092109252
EdDeChellis,2.5168685996018283
BillyLange,2.515719753061865
T.P.Hewitt,2.9523360801474823
E.Berry,2.455535645795721
FredMorrell,2.575765955588494
WalterHiltner,2.533452401933291
R.G.Clapp,2.5234229817684706
T.J.Hewiat,2.3262036730336555
WilliamKline,2.725755707911271
SamuelWaugh,2.8799580275872216
PaulSchissler,2.8314626416009525
OwenFrank,2.355150616335193
ErnestBearg,2.394469539376161
CharlieBlack,2.4224431490014298
WilliamBrowne,2.374462641600952
AdolphLewandowski,2.343437503314099
HarryGood,2.4366163535753804
L.F.Klein,2.300784241318833
JerryBush,2.474069997376196
JoeCipriano,2.5114583999335873
BarryCollier,2.5114224885702585
DocSadler,2.532434938648276
TimMiles,2.4057366121716157
SilasRoss,2.3587001503632608
JakeLawlor,2.3953559744949957
JimAiken,2.218943026208845
SonnyAllen,2.2703859985440973
JimPadgett,2.2024068335770286
JacksonSpencer,1.8843947017686848
JimCarey,2.337615822302667
PatFoster,2.3903980784606436
LenStevens,2.235795111233162
DavidCarter,2.302425346367803
JackReed,2.2793675965182345
BobYates,2.002374390595337
AlfredHeerdt,2.2804622890973096
FrommTracey,2.1322405976803687
JohnOShea,2.532149288404744
JohnBlake,2.5919082362817316
PeterDwyer,2.3569332174457727
WilliamMcCarthy,2.335821198550167
TapsGallagher,2.4189718898985975
EdwardFlynn,2.3419267435760815
JamesMaloney,2.2579489877268784
FrankLayden,2.3299348288277275
PeteLonergan,2.2848509158022123
DanRaskin,2.1979591426397773
AndyWalker,2.2829791671139947
JackArmstrong,2.1730493911073663
ChrisCasey,2.04016157216623
FredArcher,1.7504974511563531
CyAlexander,1.6845761845520857
FoxyFlumere,2.0042532450433566
EugenePare,1.7997211317509973
KarlFogel,2.1261244734080016
RudyKeeling,1.982277938801065
BillCoen,2.045977523047819
MikeAdras,1.5170969897906266
LouisGillesby,1.9588828850777236
MauriceKent,2.2731322861335608
StuartTempleFromn,2.043075584296079
DanaEvans,2.4240649130078666
FredMurphy,2.3451324952118804
DennisGrady,2.545885390614585
NormanElliott,2.3081613256606
ThomasRobinson,2.3310405528569724
HaroldOlsen,2.3961226192195633
RayElder,1.9776539757886882
DutchLonborg,2.4058946962113907
BillRohr,2.4040252311828603
WaldoFisher,2.1503324702327404
LarryGlass,2.2934772188409425
BradSnyder,2.128562913325656
RichFalk,2.17908676485139
RickyByrdsong,2.1760245455895637
BillCarmody,2.378902376427876
ChrisCollins,2.3530338339587136
GlenGray,1.810951966835497
J.H.Nichols,1.852927682369834
A.J.Pyle,1.8029284081935872
C.M.Douthit,2.046633713819017
FrankGullum,2.189417741893517
RussellFinsterwald,2.5162133681707806
BrandonGrover,2.288003616874766
WilliamTrautwein,2.2909724244225584
JamesSnyder,2.27997223202722
DaleBandy,2.126438551991776
JimChristian,2.301633713819017
HughMcDermott,2.053482859637397
BruceDrake,1.9416552190835072
DoyleParrack,1.919419566851943
BobStevens,1.809646334976467
JoeRamsey,2.0143077086871655
LonKruger,2.0284200414299667
JeffCapel,2.031413672873623
CharlesBurden,2.15353602292089
EmmettAngell,2.8869654475374062
WalterWinslow,2.157732738575628
CharlesMurphy,2.6224592685678134
WilliamHayward,2.6868878401426035
DeanWalker,2.9128631436215553
JohnWarren,2.681847831863523
WilliamBorcher,2.6507922264820283
SteveBelko,2.6058131642973246
JimHaney,2.539858139962113
DonMonson,2.684230703746617
JimAnderson,2.613868778714833
DanaAltman,2.781382592516418
ErnieKent,2.7088743467431105
VanSweet,2.444656817882362
ChrisKjeldsen,2.7900870291456306
DickFichtner,2.528952855727826
FrommONeill,2.420812900852268
DenisWillens,2.1056263259569876
BobThomason,2.6855568819383224
RonVerlin,2.648606502941912
CharlesKeinath,2.320283547366339
ArthurKiefaber,2.025403112734276
LonJourdet,2.3437805955007756
EdwardMcNichol,2.4770321702544242
DonaldKellett,2.327075764438985
RobertDougherty,2.142313263410493
RaymondStanley,2.366708600646879
ChuckDaly,2.4387551657152295
GlenMiller,2.2087027583047893
JeromeAllen,2.129746971910862
DuckDowell,1.7487472513946527
FromnyFuller,1.7109966177664213
MartyWilson,1.7630383218705383
PaulWestphal,1.8712328023018963
VanceWalberg,1.6440155306647057
EricBridgeland,1.7140897372655604
WegnerWohlparth,1.9242885525109723
GeorgeFlint,2.037166242668855
DocCarlson,2.0188877229780275
RobertTimmons,1.9031443241042263
BuzzRidl,1.9629679012112553
RoyChipman,2.0329964123972006
PaulEvans,2.0508934050420518
JamieDixon,2.1812545303648387
MushFromrson,1.988654673612686
MikeTichy,2.110751835705415
BillTurner,1.8221168167016022
JoeEtzel,1.8204189628226093
ErnieSmith,1.8204189628226093
LarrySteele,1.9507896409889538
RobChavez,2.1532965065973153
MichaelHolFromn,2.038670218925793
EricReveno,2.1095346020812653
A.W.Enderbrock,2.292360081579211
BillRoper,2.3252582329597016
WilliamMcCoy,2.4596236586686233
FrederickCooper,2.2570524277946418
WilliamKelleher,2.0788589172130596
HarryHough,2.3568650107390274
C.F.Kogel,2.2046790656765696
HarryShorter,2.1962305281036456
FredLuehring,2.4930815198268985
LouisSugarman,2.525259778769297
JamesHynson,2.1698323580546135
HillZahn,2.596046635666529
AlbertWittmer,2.365271897649126
CappyCappon,2.3762353420272007
FritzCrisler,2.53678618901837
WesFesler,2.1778766854352734
JohnJeffries,2.092360081579211
KennethFairman,2.189440708384501
WilliamLogan,2.125305216664779
LeonardHettinger,2.160261366013387
JakeMcCandless,2.3721865013600865
PeteCarril,2.4503722287973635
MitchHenderson,2.4282370189104343
DaveGavitt,2.215254908626442
GaryWalters,1.9622871953619763
GordonChiesa,1.9400267293386921
TimWelsh,2.1348315057858573
EdCooley,2.120022758892279
AlphaJamison,2.952469330198362
C.M.Besy,2.7951558355614345
C.I.Freeman,3.0268312607330237
JamesNufer,2.367841790316896
ClarenceJamison,2.42579231689679
R.E.Vaughn,2.4216884453195036
PiggyLambert,2.736769808497291
MelvinTaube,2.521604075589226
RayEddy,2.5437033339387347
FredSchaus,2.7465662889841562
GeorgeKing,2.6897448715485317
GeneKeady,2.6816888083217716
MattPainter,2.6896913336697486
FrommMoore,1.5612757875096896
RonBradley,2.0830788745791176
ByronSamuels,1.856879380641738
BradGreenberg,1.9239537518201928
MikeJones,1.8629146817864504
WilburTisdale,2.326793152651107
PeteCawthon,2.1592657221219005
HowardYerges,1.9694322932646782
PhillipArbuckle,2.3548182457842426
PatrickNicholson,1.971696971284014
RussellDaugherty,2.1786524974055776
JoeDavis,2.3906791601781325
JimmyKitts,2.3347681793131114
RobertPolk,2.380765290112117
DonSuman,2.3827145931970883
JohnFrankie,2.245086987894503
GeorgeCarlisle,2.080252275339884
DonKnodel,2.2050576616856334
MikeSchuler,2.062115314965646
BenBraun,2.3616026465416704
GregWalcavich,1.9541208092698767
DavidSatterfield,2.01931092568992
RobertMarshall,1.8524741064342
MalcolmPitt,2.2278747017384224
LesterHooker,2.195942167655565
LewisMills,2.0781991766834618
CarlSlone,2.1510512448356067
LouGoetz,2.147929036056882
DickTarrant,2.34072359932175
BillDooley,2.070409019178957
ChrisMooney,2.2516444848593733
JohnCarpenter,1.6620004390470733
DonHarnum,1.7385734178562187
KevinBaggett,1.743436371740231
DaveArmstrong,2.41869097790781
DonaldWhite,2.2974885128209914
ThomasKenneally,2.6067088529926954
WarrenHarris,2.1705798055739836
AnthonyKuolt,2.2829641620636356
RichardLloyd,2.3879120524515125
BobWenzel,2.312771754345039
CraigLittlepage,2.200909268446258
KevinBannon,2.3571959559737747
FredHill,2.1981657985645477
MikeRice,2.407605365033764
EddieJordan,2.2104402156833323
JoeAnders,1.1288002957323844
RandyAlbrecht,1.3900208859373742
CliffWettig,1.8513786369765308
EdMcLean,1.7384109057402786
JimmyTillette,2.005673071682188
BennieSeltzer,1.861565315642565
JohnCastellani,2.6205340895610627
VincentCazzetta,2.4948224679647533
LionelPurcell,2.4415632547014297
MorrisBuckwalter,2.378585707598942
BillOConnor,2.234920339283762
JackSchalow,2.2485196990417164
CameronDollar,2.172621091688602
LucienEmerson,2.0226071973048327
AllenLincoln,1.7786228321085507
HenryBunoski,2.049587436623589
DanCunha,1.977601703088726
BillKirsch,2.006530477710996
MitchBuonaguro,1.8788277284781767
BobBeyer,1.7528175174747413
RobLanier,1.934215957314719
JimmyPatsos,1.992589904467484
CarlStewart,1.9163774880544895
RobSpivery,1.7727704892851768
FrommmyGreen,1.894691217155947
MichaelGrant,1.814483538174699
RomanBanks,1.9638471173234038
ThomasBurkhalter,2.2944987368556955
AustinJohnson,2.608453888179673
EdwardHickox,2.6945339754030986
LeslieMann,2.5816063610391673
PaulOtFrom,2.869100764081273
SquireBehrens,2.212622322425964
MelbourneEvans,2.8250092678973457
WalterPowell,2.9315377479333558
EverettDean,2.6627191261608862
AndrewKerr,2.703293667745047
JohnBunn,2.5964708026645633
RobertBurnett,2.517367318585326
HowardDallmar,2.562299548237842
DickDiBiaso,2.390836366512932
JohnnyDawkins,2.603215461341758
RandyBrown,1.6270946667005992
DerekWaugh,1.6634413143044697
CoreyWilliams,1.5357263643282344
EdmundDollard,2.2180101074661778
LewAndreas,2.2243937071581206
MarcelGuley,2.0122982219719803
JimBoeheim,2.2495932889504444
JohnRogers,2.0271489031602328
ShindleWingert,1.9173194251563042
JohnCrescenzo,1.9741624068928503
EdwardMcCone,2.1185384893004424
FredrickProsch,1.8515327268326573
WilliamNicolai,1.9352492011629328
ElwoodGeiges,1.9240868735000984
FrancoisDEliscu,1.9681331539185727
SamuelDienes,2.041208024827789
JoshCody,1.8925225847918257
JamesUsilFromn,2.1141333009062437
ErnestMessikomer,1.9565720565392248
HarryLitwack,2.0502840005306306
DonCasey,2.0071176194993434
JohnChaney,2.0621574506071325
FranDunphy,2.0430905825299743
AlexSFromne,2.2529042783846607
MarkBanks,2.31165976496302
R.H.Fitzgerald,2.0648114267403357
W.H.BritFromn,2.3381639809118417
EmmettLowery,2.4197315367851244
JohnSines,2.1807317198802307
RayMears,2.529128104993029
JerryGreen,2.402874709660901
WadeHousFromn,2.2331477248330613
RonAbernathy,2.0323812428211685
BrucePearl,2.5184766274031625
CuonzoMartin,2.410779249588319
BretCampbell,1.9073303486343551
JasonJames,1.723859803185052
W.E.Metzenthin,2.15478399734709
CarlTaylor,2.3406749734714127
TheoBellmont,2.5397807916202524
RoyHenderson,2.5159359925386253
FredWalker,2.220710681246989
BerryWhitaker,2.2980704280618305
MilFromnRomney,2.2839305147963858
EdOlle,2.4042459569798993
JackGray,2.340003415929246
H.C.Gilstrap,2.2789961206354787
HaroldBradley,2.330992888119426
ThurmanHull,2.1903183292863506
AbeLemons,2.2931647189618936
MarshallHughes,2.026375287975779
LeonBlack,2.140220819457148
RickBarnes,2.3377640550404033
MarkNixon,1.6683509396033758
EddieMcCarter,1.6390694733440516
ScottCross,1.726228192835853
PhilCunningham,1.3491450040927937
A.A.Mason,2.5099417474779093
CarlHanson,2.476796000111015
T.R.Sweetland,2.2112143322635838
ClarkShaughnessy,2.45404103424886
M.A.Moenck,2.2883167301001333
BernieBierman,2.4463208752817787
ClaudeSimons,2.308151442654752
RayDauber,2.1701514426547517
GeorgeRody,2.1198225471654237
VernonHaynes,2.3297169521658265
CliffordWells,2.4079204132336853
TedLenhardt,1.859092058844571
RalphPedersen,2.1759662742666985
RoyDanforth,2.355486128102486
DickLongo,2.195283839358037
ShawnFinney,2.220796756878971
DaveDickerson,2.256811179128494
EdConroy,2.2537783623640406
ForestRees,2.61821743001836
HowardAcher,2.4804866515581256
HalMefford,2.1207749380961736
J.B.Miller,2.213315829617593
OliverHodge,2.599217909447866
ChetBenefiel,2.451526599822672
JackSterett,2.3015563787698943
TexRyon,2.3001137212123783
W.S.Milligan,1.9535850240642256
WoodyWest,2.5843386067593492
PaulAlyea,2.285835550564823
DonShields,2.213207082779867
JohnGarrison,2.185125679910407
JimKing,2.292367949783651
BillFraney,2.1733884649196016
JohnPhillips,2.546012450446632
PoohWilliams,2.2706270012867704
DannyManning,2.442761367136958
CaddyWorks,2.2460352305263456
WilburJohns,2.160198908769945
JohnWooden,2.5299181718929837
GaryCunningham,2.5851448341903183
WaltHazzard,2.345231811862551
BenHowland,2.3800985198076465
SteveAlford,2.3790658529881568
Wilson1898,2.692165320205402
Seebirt1899,2.2076314439960294
Price1900,2.374375980307006
Allot1901,2.427811980335671
Cooper1902,2.5893055841887067
Kirk1903,2.3043937257240885
Powell1904,2.246799175163294
Rockhill1905,2.3198649705393315
Kaho1907,2.3027463523972593
RobertRichardson,2.6280744392291595
NelsonNordgren,2.5591316131656843
ThomasFitzpatrick,2.354900331335106
IkeArmstrong,2.1053178198090476
VadalPeterson,2.3988880982630016
JackGardner,2.4451170722936366
LynnArchibald,2.2885477198876756
LarryKrystkowiak,2.2980654163466943
JimBoylen,2.3060643549214186
EarlGoheen,2.52023259785987
WilliamShadoan,2.592298177704001
MillardAnderson,2.126691569738876
ConradMoll,2.306910070371189
EarlScott,2.417452209545131
JakeChristiansen,2.292483413478174
LorenEllis,2.39842893801314
EmoryBauer,2.155374942646033
DonaldWarnke,2.1261912395193914
KennethSuesens,2.2495122908228113
KenRochlitz,2.1135411706885803
FrommSmith,2.1842950571986615
HomerDrew,2.353797938142437
BryceDrew,2.480533644990271
GrinnellJones,2.9192964840070044
EdHamilFromn,2.6905224916651447
SteinSFromne,2.7736497751472746
ZekeMartin,2.4190775372213293
W.L.Throop,2.291794331968339
R.B.McGehee,2.688773757932588
OscarNelson,2.347834156014411
GuyDenFromn,2.4818950367426487
RalphPalmer,2.583721985602524
RayMorrison,2.7168778390108805
WallaceWade,2.5172877076341256
JohnnyFloyd,2.239060056671094
GusMorrow,2.3537874361982216
JimBuford,2.401545642262686
NormCooper,2.40649164348583
SmokeyHarper,2.7185321271272813
RoySkinner,2.5898044600315275
WayneDobbs,2.3595598507348483
C.M.NewFromn,2.504955058950511
RichardSchmidt,2.425607159184472
KevinStallings,2.5427924222332123
P.A.Larned,2.2696182190494385
FuzzyEvans,2.138788593894794
ArtLoche,2.0207235700794857
PeterSalzberg,2.0404651594175114
BillWhitmore,1.9267049726196959
FrommBrennan,2.083989255533475
JohnBecker,2.248036934907652
MichaelSaxe,2.177704643419138
RubeCashman,1.9444319352968233
AlexSeverence,2.1704283022992072
JayWright,2.1293607968720574
EarlAbell,2.2848518408936576
GusTebell,2.333191215479319
RedRandall,1.9678848551608756
BusMale,2.1791076785017065
BillyMcCann,2.095263358884263
TerryHolland,2.407175532993488
PeteGillen,2.3851388717828117
DaveLeitao,2.272380452692338
FromnyBennett,2.3884308420644285
RalphWicks,2.1246321662232286
ClarenceThurber,2.2617505268743945
AbeDiddel,2.3515220275180533
PaulSheeks,2.446541982308444
RussellFromwnsend,2.1985858722968237
PeteVaughan,2.277485226910991
NeilKennett,1.8150776899994465
MikeDeane,1.9735094958079493
TimCapstraw,1.817440165861364
BashirMason,1.9674504346826927
MikeVosburg,1.8855171252986676
RoyWynne,2.054944256464691
ElmerHolm,1.8610750455894327
DeeErrikson,1.8053797209079736
WarnerWilliams,2.6548049452440843
OscarOlson,2.4803669491073457
ClaudeHunt,2.4038747131660267
AnthonySavage,2.594545171699942
JohnDavidson,2.2393542513984754
HecEdmundson,2.450740986812646
StubAllison,2.2049825851868246
TippyDye,2.3623092764614486
MarvHarshman,2.285874713166027
JohnGrayson,2.3187948185756935
MacDuckworth,2.1543051312798025
LynnNance,2.2419413753672095
AndyRusso,2.3470120407632447
BobBender,2.2041681709055645
LorenzoRomar,2.3391659768616297
DanKenney,1.7100981758094103
RandyPeele,1.8482399420960087
PatKelsey,1.8898667411348529
GuyLowman,2.1675649940386243
BudFoster,2.0249661143368725
JohnErickson,1.9935800087824647
JohnPowless,1.975568864818158
BillCofield,1.8986756685509734
SteveYoder,2.001801048744726
StuJackson,2.0877317928734254
BoRyan,2.226987265419813
MikeYoung,1.4842820594000115
H.B.Lloyd,3.105187441642512
C.C.Childs,2.4473404867499573
H.F.Tuttle,2.773539913938932
L.C.Boles,2.9770907757017375
ErnestHole,3.1952068546499994
Lt.Coburn,2.244700577583889
ElmerHoefer,2.3266003450708275
HaroldDean,2.235601717981917
LeonExcelby,2.1127385575876114
JohnCorbett,2.3012066563360656
StewartClark,2.469055901061978
GeorgeMcLaren,2.563646495522534
WillardWitte,2.550445973294538
EverettShelFromn,2.446652188986855
BillStrannigan,2.342652188986855
MoeRadovich,2.13134250481791
JobyWright,2.389865167970992
SteveMcClain,2.4034515527330953
HeathSchroyer,2.249911614587946
FredLangley,1.9947626034443362
JoeMeyer,2.474029403918623
EdBurns,1.984125841895208
LewHirt,2.3796310816378
JamesMcCafferty,2.3832999821911622
DonRuberg,2.3263561717671153
TayBaker,2.3883872820044076
GeorgeKrajack,2.152424662204992
DickCampbell,2.2184014339841274
ChrisMack,2.495920775395821
WilliamMurphy,2.924952186089935
HaskellNoyes,2.6137613017500634
R.B.Hyatt,2.0904912734038366
PopFoster,2.4039388450500807
AlbertSharpe,2.6258707633866614
RobertSFromwe,2.6878970018072694
JosephFogarty,2.4786856315500505
BernieFrommmers,2.7787058354795815
WalterMace,2.45394392080176
OrsonKinney,2.3968588192349842
GeorgeTaylor,2.448869058452904
HowardHobson,2.5640969897906265
RedRolfe,2.6168713915572184
IvyWilliamson,2.267319200346984
JosephVancisin,2.4455046717201707
RayCarazo,2.3589444817460707
DickKuchen,2.4188888836020315
JamesJones,2.462851885395173
